<application>
  <component name="AppStorage">
    <histories>
      <item value="Bad Credentials Exception" />
      <item value="Bad credentials" />
      <item value="is not present" />
      <item value="Consider defining a bean of type 'org.springframework.security.authentication.AuthenticationManager' in your configuration." />
      <item value="Servlet.service() for servlet [dispatcherServlet] in context with path [] threw exception" />
      <item value="There is no PasswordEncoder mapped for the id &quot;null&quot;" />
      <item value="anonymous" />
      <item value="authenticated" />
      <item value="is Account Non Expired" />
      <item value="is Account Non Locked" />
      <item value="is Credentials Non Expired" />
      <item value="template might not exist or might not be accessible by any of the configured Template Resolvers" />
      <item value="template" />
      <item value="Caught exception while allowing TestExecutionListener" />
    </histories>
    <option name="languageScores">
      <map>
        <entry key="CHINESE" value="15" />
        <entry key="ENGLISH" value="16" />
      </map>
    </option>
  </component>
</application>